,image_name,subject_id
0,EGI04-1_141.jpg,72333244
1,EGI08-2_78.jpg,72333835
2,EPS01_28.jpg,72335422
3,EPS01_41.jpg,72335435
4,EPS02_208.jpg,72335541
5,EPS03_35.jpg,72335594
6,EPS03_70.jpg,72335629
7,EPS03_75.jpg,72335634
8,EPS04-1_136.jpg,72335681
9,EPS05-2_98.jpg,72335930
10,EPS06-2_160.jpg,72336110
11,EPS06-2_212.jpg,72336132
12,EPS06-2_235.jpg,72336142
13,EPS07-1_238.jpg,72336297
14,EPS07-1_301.jpg,72336349
15,EPS07-1_322.jpg,72336365
16,EPS07-1_376.jpg,72336404
17,EPS07-2_260.jpg,72336532
18,EPS08-1_289.jpg,72336742
19,EPS08-1_351.jpg,72336780
20,EPS08-2_311.jpg,72336927
21,EPS08-2_390.jpg,72337004
22,EPS08-2_469.jpg,72337084
23,ESCB-2.1-1_119.jpg,72337185
24,ESCB-2.1-1_122.jpg,72337188
25,ESCB-2.1-1_72.jpg,72337234
26,ESCB-2.1-1_75.jpg,72337237
27,ESCB-2.1-1_80.jpg,72337242
28,ESCB-2.1-1_89.jpg,72337251
29,ESCB-2.1-2_111.jpg,72337273
30,ESCB-2.1-2_118.jpg,72337280
31,ESCB-2.1-2_37.jpg,72337295
32,ESCB-2.1-2_39.jpg,72337297
33,ESCB-2.1-2_51.jpg,72337309
34,ESCB-2.1-2_52.jpg,72337310
35,ESCB-2.1-2_59.jpg,72337317
36,ESCB-2.1-2_94.jpg,72337352
37,ESCB-2.1-2_98.jpg,72337356
38,ESCB-2.2-1_24.jpg,72337377
39,ESCB-2.2-1_36.jpg,72337389
40,ESCB-2.2-2_31.jpg,72337421
41,ESCF01-1_103.jpg,72337432
42,ESCF01-1_150.jpg,72337465
43,ESCF01-1_183.jpg,72337473
44,ESCF01-1_66.jpg,72337517
45,ESCF01-1_71.jpg,72337522
46,ESCF01-2_08.jpg,72337557
47,ESCF01-2_21.jpg,72337565
48,ESCF01-2_24.jpg,72337568
49,ESCF01-2_30.jpg,72337571
50,ESCF01-2_33.jpg,72337574
51,ESCF01-2_40.jpg,72337581
52,ESCF01-2_65.jpg,72337604
53,ESCF01-3_176.jpg,72337679
54,ESCG01_105.jpg,72372992
55,ESCG01_108.jpg,72372997
56,ESCG01_128.jpg,72373025
57,ESCG01_129.jpg,72373027
58,ESCG01_143.jpg,72373044
59,ESCG01_146.jpg,72373049
60,ESCG01_150.jpg,72373056
61,ESCG01_160.jpg,72373074
62,ESCG01_172.jpg,72373086
63,ESCG01_184.jpg,72373097
64,ESCG01_202.jpg,72373120
65,ESCG01_214.jpg,72373126
66,ESCG01_248.jpg,72373152
67,ESCG01_260.jpg,72373161
68,ESCG01_261.jpg,72373163
69,ESCG01_31.jpg,72373186
70,ESCG01_99.jpg,72373226
71,ESCG02-1_13.jpg,72373241
72,ESCG02-1_19.jpg,72373250
73,ESCG02-1_26.jpg,72373260
74,ESCG02-2_20.jpg,72373289
75,ESCG02-2_38.jpg,72373315
76,ESCG02-2_42.jpg,72373321
77,ESCG02-2_53.jpg,72373336
78,ESCG02-2_63.jpg,72373348
79,ESCH01-1_28.jpg,72337802
80,ESCH01-2_122.jpg,72337813
81,ESCH01-2_128.jpg,72337819
82,ESCH01-2_152.jpg,72337826
83,ESCH01-2_180.jpg,72337834
84,ESCH01-2_181.jpg,72337835
85,ESCH01-2_370.jpg,72337871
86,ESCH01-3_185.jpg,72337926
87,ESCH01-3_293.jpg,72337933
88,ESCH01-3_365.jpg,72337937
89,ESCH01-3_37.jpg,72337938
90,ESCH02-1_112.jpg,72337968
91,ESCH02-1_141.jpg,72337980
92,ESCH02-1_243.jpg,72338040
93,ESCH02-1_246.jpg,72338043
94,ESCH02-1_350.jpg,72338126
95,ESCH02-1_472.jpg,72338188
96,ESCH02-1_534.jpg,72338203
97,FMO01_83.jpg,72338369
98,FMO02-1_100.jpg,72338386
99,FMO03-1_65.jpg,72338628
100,FMO03-1_72.jpg,72338635
101,FMO04-1_101.jpg,72338709
102,FMO04-2_38.jpg,72338789
103,FMO05-1_103.jpg,72338799
104,FMO05-1_62.jpg,72338870
105,FMO05-1_76.jpg,72338878
106,FMO05-2_07.jpg,72338894
107,FMO05-2_157.jpg,72338927
108,FMO06_185.jpg,72339017
109,FMO06_194.jpg,72339022
110,FMO06_206.jpg,72339029
111,FMO06_45.jpg,72339049
112,FPA02_295.jpg,72339244
113,FPA02_578.jpg,72339410
114,FPA03_54.jpg,72339561
115,FPA04_139.jpg,72339655
116,FPA04_151.jpg,72339662
117,FPA04_67.jpg,72339744
118,FSCA01-2_18.jpg,72339565
119,FSCA01-2_39.jpg,72339596
120,FSCA02-1_105.jpg,72339661
121,FSCA02-1_171.jpg,72339737
122,FSCA02-1_62.jpg,72339801
123,FSCA02-1_73.jpg,72339817
124,FSCA02-2_67.jpg,72339900
125,FSCA03-2_144.jpg,72340255
126,FSCA04_120.jpg,72340425
127,FSCE-1.1-1_69.jpg,72340273
128,FSCE-1.1-1_76.jpg,72340287
129,FSCE-1.1-2_72.jpg,72340444
130,FSCE-1.2-1_14.jpg,72340476
131,FSCE-1.2-1_51.jpg,72340532
132,FSCE-1.2-1_56.jpg,72340542
133,FSCE-1.2-2_18.jpg,72340564
134,FSCE-1.2-2_33.jpg,72340594
135,FSCE-1.2-2_41.jpg,72340609
136,FSCE-1.2-2_43.jpg,72340613
137,FSCE-1.2-2_45.jpg,72340617
138,FSCE-1.2-2_47.jpg,72340621
139,FSCE-1.2-2_56.jpg,72340647
140,FSCE-1.2-2_58.jpg,72340652
141,FSCE-1.2-2_61.jpg,72340657
142,FSCI01-1_131.jpg,72340808
143,FSCI01-1_150.jpg,72340838
144,FSCI01-1_153.jpg,72340843
145,FSCI01-1_201.jpg,72340891
146,FSCI01-1_232.jpg,72340918
147,FSCI01-2_286.jpg,72341093
148,FSCI01-2_396.jpg,72341112
149,FSCI01-2_457.jpg,72341128
150,FSCI01-2_522.jpg,72341166
151,FSCI01-2_542.jpg,72341179
152,FSCI01-2_559.jpg,72341196
153,FSCI01-2_585.jpg,72341216
154,FSCJ01_100.jpg,72341236
155,FSCJ01_140.jpg,72341273
156,FSCJ01_205.jpg,72341302
157,FSCJ01_206.jpg,72341303
158,FSCJ02-1_155.jpg,72341406
159,FSCJ02-1_156.jpg,72341407
160,FSCJ02-1_34.jpg,72341427
161,FSCJ02-1_43.jpg,72341431
162,FSCJ02-1_83.jpg,72341453
163,FSCJ02-2_208.jpg,72341545
164,FSCJ02-2_220.jpg,72341559
165,FSCJ02-2_233.jpg,72341570
166,FSCJ02-2_243.jpg,72341576
167,FSCJ02-2_269.jpg,72341593
168,FSCJ02-2_93.jpg,72341627
